{"train:vocabsize": 5062, "train:negative": 0, "train:positive": 0, "train:lenght": 1000, "_timestamp": 1649603765, "_runtime": 48, "_step": 12, "test:vocabsize": 9694, "test:negative": 0, "test:positive": 0, "test:lenght": 3000, "max_lenght": 256, "vocabsize": 30000, "output_dim": 100, "dropout": 0.2, "learning_rate": 0.01, "epochs": 10, "batch_size": 1000, "graph": {"_type": "graph-file", "path": "media/graph/graph_summary_6e88b45109600a2993bb.graph.json", "sha256": "6e88b45109600a2993bb38a4a2d754102e5cf47ebebb72523d3d56108216052c", "size": 779}, "epoch": 9, "loss": 5.63929702934729e-08, "acc": 1.0, "val_loss": 2.443158386711275e-08, "val_acc": 1.0, "best_val_loss": 2.443158386711275e-08, "best_epoch": 9, "_wandb": {"runtime": 48}}