{"train:vocabsize": 5062, "train:negative": 1000, "train:positive": 0, "train:lenght": 1000, "_timestamp": 1649604932, "_runtime": 45, "_step": 12, "test:vocabsize": 9694, "test:negative": 3000, "test:positive": 0, "test:lenght": 3000, "max_lenght": 256, "vocabsize": 8000, "output_dim": 100, "dropout": 0.2, "learning_rate": 0.01, "epochs": 10, "batch_size": 1000, "graph": {"_type": "graph-file", "path": "media/graph/graph_summary_930c409532d880e3620f.graph.json", "sha256": "930c409532d880e3620f658426a4123ce3e1cb2677777742b54ebfa83aade257", "size": 778}, "epoch": 9, "loss": 2.1491041479748674e-07, "acc": 1.0, "val_loss": 9.492771368968533e-08, "val_acc": 1.0, "best_val_loss": 9.492771368968533e-08, "best_epoch": 9, "_wandb": {"runtime": 45}}