{"train:vocabsize": 5062, "train:negative": 0, "train:positive": 0, "train:lenght": 1000, "_timestamp": 1649603591, "_runtime": 49, "_step": 12, "test:vocabsize": 9694, "test:negative": 0, "test:positive": 0, "test:lenght": 3000, "max_lenght": 128, "vocabsize": 30000, "output_dim": 100, "dropout": 0.4, "learning_rate": 0.01, "epochs": 10, "batch_size": 1000, "graph": {"_type": "graph-file", "path": "media/graph/graph_summary_2abbe4f25819723b622e.graph.json", "sha256": "2abbe4f25819723b622e6123ea6d9b017748a19eea9a0ef953e53199ccfac405", "size": 779}, "epoch": 9, "loss": 5.139926884112356e-07, "acc": 1.0, "val_loss": 1.4356132282955514e-07, "val_acc": 1.0, "best_val_loss": 1.4356132282955514e-07, "best_epoch": 9, "_wandb": {"runtime": 49}}