{"test.csv:vocabsize": 9694, "test.csv:negative": 3000, "test.csv:positive": 0, "test.csv:lenght": 3000, "_timestamp": 1649607973, "_runtime": 25, "_step": 12, "train.csv:vocabsize": 5062, "train.csv:negative": 1000, "train.csv:positive": 0, "train.csv:lenght": 1000, "max_lenght": 256, "input_dim": 5000, "output_dim": 100, "dropout": 0.2, "learning_rate": 0.01, "epochs": 10, "batch_size": 1000, "graph": {"_type": "graph-file", "path": "media/graph/graph_summary_6a10cb796751ca39c4ae.graph.json", "sha256": "6a10cb796751ca39c4ae0efc43ae98fbf865adba43a81e9b50659d8407351e39", "size": 778}, "epoch": 9, "loss": 3.0128484240776743e-07, "acc": 1.0, "val_loss": 1.4207741116933903e-07, "val_acc": 1.0, "best_val_loss": 1.4207741116933903e-07, "best_epoch": 9, "_wandb": {"runtime": 26}}