{"train:vocabsize": 17308, "train:negative": 0, "train:positive": 0, "train:lenght": 10000, "_timestamp": 1649604498, "_runtime": 264, "_step": 12, "test:vocabsize": 17905, "test:negative": 0, "test:positive": 0, "test:lenght": 10000, "max_lenght": 256, "vocabsize": 30000, "output_dim": 100, "dropout": 0.2, "learning_rate": 0.01, "epochs": 10, "batch_size": 1000, "graph": {"_type": "graph-file", "path": "media/graph/graph_summary_6e88b45109600a2993bb.graph.json", "sha256": "6e88b45109600a2993bb38a4a2d754102e5cf47ebebb72523d3d56108216052c", "size": 779}, "epoch": 9, "loss": 8.682058405540261e-10, "acc": 1.0, "val_loss": 5.392278845661735e-10, "val_acc": 1.0, "best_val_loss": 5.392278845661735e-10, "best_epoch": 9, "_wandb": {"runtime": 266}}